,state,year,adjusted_EducationSpend,adjusted_homeValuation,intercept
0,Alabama,2000-01-01,5430164.8908297075,106425.86986612777,1
1,Alabama,2001-01-01,5487005.842809684,108112.99022403092,1
2,Alabama,2002-01-01,5576575.715615033,110015.34246589456,1
3,Alabama,2003-01-01,5669021.113403322,110635.5832158667,1
4,Alabama,2004-01-01,5715963.428082066,111159.30100587018,1
5,Alabama,2005-01-01,5951621.554256687,112950.94823745228,1
6,Alabama,2006-01-01,6421525.280565737,115727.41554517153,1
7,Alabama,2007-01-01,6967551.441599253,121134.64295551996,1
8,Alabama,2008-01-01,7471373.402955807,121057.1074405873,1
9,Alabama,2009-01-01,7376747.42580384,117595.48722432564,1
10,Alabama,2010-01-01,7228343.092290219,110960.67457711515,1
11,Alabama,2011-01-01,7101175.736549427,103651.71451586466,1
12,Alabama,2012-01-01,6667651.092434418,98215.16356467242,1
13,Alabama,2013-01-01,6715240.721173817,106041.11198480555,1
14,Alabama,2014-01-01,6733180.169946481,109246.63664333355,1
15,Alabama,2015-01-01,6711725.9259632975,116158.72493494324,1
16,Alabama,2016-01-01,6589889.999999999,119590.57657576224,1
17,Alaska,2000-01-01,1535644.3657404536,172230.19801925574,1
18,Alaska,2001-01-01,1575122.9394772095,174166.74769623938,1
19,Alaska,2002-01-01,1623137.9721864432,204633.89496125132,1
20,Alaska,2003-01-01,1648051.41682186,209338.67754516524,1
21,Alaska,2004-01-01,1659825.1908432771,218553.88424424067,1
22,Alaska,2005-01-01,1712028.569198658,229991.6227911333,1
23,Alaska,2006-01-01,1769339.6140667384,244447.1075063235,1
24,Alaska,2007-01-01,1837438.348019174,255685.71880092073,1
25,Alaska,2008-01-01,2125521.924987561,260388.4076113304,1
26,Alaska,2009-01-01,2311399.8662579414,258872.55358333656,1
27,Alaska,2010-01-01,2372208.202503124,255081.69431797587,1
28,Alaska,2011-01-01,2366498.446087103,250079.51185318056,1
29,Alaska,2012-01-01,2225954.131883937,243226.6743848792,1
30,Alaska,2013-01-01,2288897.002941869,250830.5378316386,1
31,Alaska,2014-01-01,2247019.1977645014,251714.4005512306,1
32,Alaska,2015-01-01,2356007.42238108,256633.6061594167,1
33,Alaska,2016-01-01,2074993.0,263834.7178371938,1
34,Arizona,2000-01-01,5672795.467379671,175261.52707721814,1
35,Arizona,2001-01-01,5867947.612247684,180523.06085797166,1
36,Arizona,2002-01-01,6093124.091006452,187153.91713460948,1
37,Arizona,2003-01-01,6510787.991810184,193162.2192083128,1
38,Arizona,2004-01-01,6862178.128976023,199844.56157144767,1
39,Arizona,2005-01-01,7096564.0953499125,223412.72747825895,1
40,Arizona,2006-01-01,7464294.567330803,301795.32470798853,1
41,Arizona,2007-01-01,7791248.018624003,302106.8429125281,1
42,Arizona,2008-01-01,8251364.300906809,271320.459970747,1
43,Arizona,2009-01-01,8386651.764543419,203031.02754513692,1
44,Arizona,2010-01-01,8123622.65611025,172025.84093248905,1
45,Arizona,2011-01-01,7644123.195224449,150946.21576198077,1
46,Arizona,2012-01-01,7366383.59734924,138341.38972803063,1
47,Arizona,2013-01-01,6936886.03534609,160873.90352147323,1
48,Arizona,2014-01-01,7207825.020361255,182946.82456374465,1
49,Arizona,2015-01-01,7096546.296078591,189538.22829939137,1
50,Arizona,2016-01-01,7137123.0,204881.7902859564,1
51,Arkansas,2000-01-01,3149664.332665105,95373.31579562752,1
52,Arkansas,2001-01-01,3248692.6365210256,97468.49119754074,1
53,Arkansas,2002-01-01,3364678.040150988,99242.28991606933,1
54,Arkansas,2003-01-01,3509941.3288684394,101059.50629129467,1
55,Arkansas,2004-01-01,3623070.7856128886,103139.84297686872,1
56,Arkansas,2005-01-01,3988073.8260336365,106422.53358443388,1
57,Arkansas,2006-01-01,4142189.840503021,111848.44765836354,1
58,Arkansas,2007-01-01,4244922.10852006,114150.8506064925,1
59,Arkansas,2008-01-01,4307304.559544778,113112.85831192147,1
60,Arkansas,2009-01-01,4661481.967687339,110359.02734179157,1
61,Arkansas,2010-01-01,4926248.264215514,105811.04800078893,1
62,Arkansas,2011-01-01,4964915.553859151,101630.74971668016,1
63,Arkansas,2012-01-01,4463225.606455639,98481.18535138413,1
64,Arkansas,2013-01-01,4387937.903094081,100546.56591604778,1
65,Arkansas,2014-01-01,4385819.206414059,101616.19289027154,1
66,Arkansas,2015-01-01,4398893.910433936,104349.64542535388,1
67,Arkansas,2016-01-01,4411761.0,109245.5736005382,1
68,California,2000-01-01,49680316.75236214,252442.41485940706,1
69,California,2001-01-01,54373024.23428767,279126.6680049308,1
70,California,2002-01-01,59237107.87770415,308682.55812099896,1
71,California,2003-01-01,60319588.94226257,348674.12619059306,1
72,California,2004-01-01,60913473.7793219,396963.407474092,1
73,California,2005-01-01,61257563.56365611,480689.1948279173,1
74,California,2006-01-01,62142892.4612518,545925.1831416007,1
75,California,2007-01-01,65353718.87584889,541365.8054940918,1
76,California,2008-01-01,67302416.69705597,477666.5852105564,1
77,California,2009-01-01,65937781.248877466,359866.2141051596,1
78,California,2010-01-01,62790461.57223887,331430.210755393,1
79,California,2011-01-01,60321589.1195379,317220.6969743692,1
80,California,2012-01-01,60323143.16795439,292022.63453623967,1
81,California,2013-01-01,59279640.14239042,314447.325757933,1
82,California,2014-01-01,60232345.826938,374282.89628365,1
83,California,2015-01-01,65200239.68273288,403760.768039681,1
84,California,2016-01-01,68892072.0,421547.3195172169,1
85,Colorado,2000-01-01,5623373.832258108,234337.83375664952,1
86,Colorado,2001-01-01,5946982.015774467,256056.5395111573,1
87,Colorado,2002-01-01,6296359.55470607,274397.4968941147,1
88,Colorado,2003-01-01,6524442.921035935,277463.44992235873,1
89,Colorado,2004-01-01,6694683.605217199,273870.445208874,1
90,Colorado,2005-01-01,6837204.825709931,272433.00437647715,1
91,Colorado,2006-01-01,7069334.530065423,272067.9094488698,1
92,Colorado,2007-01-01,7062278.419828754,267174.1995473847,1
93,Colorado,2008-01-01,7713414.17203938,259914.80140689356,1
94,Colorado,2009-01-01,7526511.17077782,247266.62450777748,1
95,Colorado,2010-01-01,7663392.374805698,241528.81195928447,1
96,Colorado,2011-01-01,7464370.128601689,230004.23459381514,1
97,Colorado,2012-01-01,7237199.033128961,220396.61673081468,1
98,Colorado,2013-01-01,7286005.151880198,232563.93147239336,1
99,Colorado,2014-01-01,7554960.073594237,248191.17220494253,1
100,Colorado,2015-01-01,7766631.196073367,269301.4901593457,1
101,Colorado,2016-01-01,8060420.0,302941.4248126024,1
102,Connecticut,2000-01-01,6387389.92040861,216175.25783374818,1
103,Connecticut,2001-01-01,6662703.726890036,228055.14578174567,1
104,Connecticut,2002-01-01,6970119.666964382,246753.91230049377,1
105,Connecticut,2003-01-01,7187721.829991549,270795.5472459236,1
106,Connecticut,2004-01-01,7343115.758270392,294958.33242287405,1
107,Connecticut,2005-01-01,7408143.238624626,322475.76294276456,1
108,Connecticut,2006-01-01,7666828.076957619,348681.7653586351,1
109,Connecticut,2007-01-01,7870292.364813775,346734.5555959786,1
110,Connecticut,2008-01-01,8129152.336553686,331429.4526973497,1
111,Connecticut,2009-01-01,8635513.560642015,302385.8135043336,1
112,Connecticut,2010-01-01,8703586.107151484,279192.55072656774,1
113,Connecticut,2011-01-01,8403752.627260417,264082.1072044435,1
114,Connecticut,2012-01-01,8351809.780697819,242740.3763381631,1
115,Connecticut,2013-01-01,8323853.796541337,236045.47387409306,1
116,Connecticut,2014-01-01,8477689.73890668,238899.40491111384,1
117,Connecticut,2015-01-01,8595713.74611604,238939.3711198085,1
118,Connecticut,2016-01-01,8687640.0,241392.90722897317,1
119,Delaware,2000-01-01,1240442.6564265427,183415.78400361663,1
120,Delaware,2001-01-01,1292199.8406013192,189416.018556502,1
121,Delaware,2002-01-01,1350242.4717781737,197819.55944159575,1
122,Delaware,2003-01-01,1414001.8346934575,209690.47092377927,1
123,Delaware,2004-01-01,1464579.4240190063,225730.11513110183,1
124,Delaware,2005-01-01,1528374.4613891523,253387.75334945813,1
125,Delaware,2006-01-01,1607673.6192922147,277648.456758576,1
126,Delaware,2007-01-01,1549345.8864019818,288105.1350478148,1
127,Delaware,2008-01-01,1635011.0074060499,281681.37166672415,1
128,Delaware,2009-01-01,1598659.4863834106,261244.72697879863,1
129,Delaware,2010-01-01,1609317.7315699507,245118.96555950024,1
130,Delaware,2011-01-01,1653316.9462201572,230390.90755104122,1
131,Delaware,2012-01-01,1770008.9221062164,210557.01997071915,1
132,Delaware,2013-01-01,1740480.6268540935,204830.27156052057,1
133,Delaware,2014-01-01,1755927.8543167424,212233.45921982062,1
134,Delaware,2015-01-01,1782574.5496130453,217708.73829008732,1
135,Delaware,2016-01-01,1832384.9999999998,227460.99627875528,1
136,District of Columbia,2000-01-01,1104897.7101287355,203641.28881739915,1
137,District of Columbia,2001-01-01,1207013.1774000046,215039.0738070003,1
138,District of Columbia,2002-01-01,1313007.975677249,239428.3111184242,1
139,District of Columbia,2003-01-01,1375156.3125080343,274740.9873612193,1
140,District of Columbia,2004-01-01,1424478.647224924,309592.2074003922,1
141,District of Columbia,2005-01-01,1466684.3431652752,362910.0681764386,1
142,District of Columbia,2006-01-01,1464729.337500107,417141.0820491725,1
143,District of Columbia,2007-01-01,1410829.6666728978,413352.8958593063,1
144,District of Columbia,2008-01-01,1827348.1155998318,409280.67904397275,1
145,District of Columbia,2009-01-01,1942534.3417961877,385421.2116100913,1
146,District of Columbia,2010-01-01,2085475.1238067648,366306.4886104732,1
147,District of Columbia,2011-01-01,2003187.7187687405,363624.53400937223,1
148,District of Columbia,2012-01-01,2095345.251060796,353402.36712889763,1
149,District of Columbia,2013-01-01,2085416.9524168053,380470.9735868247,1
150,District of Columbia,2014-01-01,2099688.326297206,422244.835174668,1
151,District of Columbia,2015-01-01,2173622.7148636156,451592.9211815488,1
152,District of Columbia,2016-01-01,2290288.0,480270.20751080447,1
153,Florida,2000-01-01,17964447.24859486,140498.19192921562,1
154,Florida,2001-01-01,18575748.775788005,146458.56348065275,1
155,Florida,2002-01-01,19282340.297758386,158542.18232544156,1
156,Florida,2003-01-01,20402191.925358787,171641.11925702496,1
157,Florida,2004-01-01,21322872.687121794,188111.06790539096,1
158,Florida,2005-01-01,22456778.789385673,215259.70501347093,1
159,Florida,2006-01-01,23608536.068969898,266351.5415752141,1
160,Florida,2007-01-01,25201765.976356413,281530.0395581858,1
161,Florida,2008-01-01,25914979.454762522,243573.1279037606,1
162,Florida,2009-01-01,24923413.013830584,190457.46952672623,1
163,Florida,2010-01-01,24565100.653021142,159431.61133996685,1
164,Florida,2011-01-01,24726052.57069251,144216.7923762979,1
165,Florida,2012-01-01,22944067.666694477,132116.52193878748,1
166,Florida,2013-01-01,22879365.717826728,138720.66362858744,1
167,Florida,2014-01-01,23612051.11711967,157329.08540297102,1
168,Florida,2015-01-01,24053837.577851053,171165.41316398236,1
169,Florida,2016-01-01,24222830.0,186698.27752433447,1
170,Georgia,2000-01-01,11993971.400994258,154471.56587492515,1
171,Georgia,2001-01-01,12784019.205195418,162112.69099323425,1
172,Georgia,2002-01-01,13625964.631138323,169178.81230611494,1
173,Georgia,2003-01-01,14004549.163418066,172086.6871612755,1
174,Georgia,2004-01-01,14263968.193272293,172098.7677277295,1
175,Georgia,2005-01-01,14365291.606178312,172739.54361478938,1
176,Georgia,2006-01-01,15185963.161379172,174500.354683809,1
177,Georgia,2007-01-01,16182623.796894139,175993.77757872784,1
178,Georgia,2008-01-01,17213838.571309675,172720.78084761163,1
179,Georgia,2009-01-01,17123396.563262,158188.68819298362,1
180,Georgia,2010-01-01,16704373.737816397,141123.89436294034,1
181,Georgia,2011-01-01,16155062.612520646,128184.68805840157,1
182,Georgia,2012-01-01,15887573.912082598,115312.53679956704,1
183,Georgia,2013-01-01,15489392.490039855,117881.27451021623,1
184,Georgia,2014-01-01,15577739.325547442,131013.01586938511,1
185,Georgia,2015-01-01,16036485.611454092,139598.56655077662,1
186,Georgia,2016-01-01,16563441.0,148872.0239731581,1
187,Hawaii,2000-01-01,1291687.0429805527,239242.64995096487,1
188,Hawaii,2001-01-01,1497379.423697732,246427.8761248581,1
189,Hawaii,2002-01-01,1704958.0760010958,257222.5501136167,1
190,Hawaii,2003-01-01,1839321.5262081416,278116.436621123,1
191,Hawaii,2004-01-01,1954226.1603570434,318782.58208549453,1
192,Hawaii,2005-01-01,1940864.818795607,385202.66760369355,1
193,Hawaii,2006-01-01,2047826.7064988045,470447.8471893665,1
194,Hawaii,2007-01-01,2218159.921949636,493919.13098126627,1
195,Hawaii,2008-01-01,2283415.2092363555,481480.8291866004,1
196,Hawaii,2009-01-01,2384669.3298281995,451910.20824678754,1
197,Hawaii,2010-01-01,2043496.1634220993,407303.4515389094,1
198,Hawaii,2011-01-01,1871097.6415387192,415466.9429558473,1
199,Hawaii,2012-01-01,1765621.7731936183,394320.3891319188,1
200,Hawaii,2013-01-01,1735048.7142062695,403625.3790394967,1
201,Hawaii,2014-01-01,1928505.8574099739,432578.4877124965,1
202,Hawaii,2015-01-01,1790382.0190252562,478600.46242534975,1
203,Hawaii,2016-01-01,1843481.0000000002,507857.2039718676,1
204,Idaho,2000-01-01,1662808.7210655794,158855.7191578179,1
205,Idaho,2001-01-01,1763627.0095996985,159257.89071370347,1
206,Idaho,2002-01-01,1871907.784615679,163086.62332975082,1
207,Idaho,2003-01-01,1872955.9076431189,163776.3611542154,1
208,Idaho,2004-01-01,1860296.67115268,164276.74535511184,1
209,Idaho,2005-01-01,1892556.5416563556,169125.42684068554,1
210,Idaho,2006-01-01,1911802.108617235,198538.14692789354,1
211,Idaho,2007-01-01,1946242.029374294,216031.60644833924,1
212,Idaho,2008-01-01,2012521.1861497038,216147.7972778633,1
213,Idaho,2009-01-01,2073791.5493690835,200695.7281429961,1
214,Idaho,2010-01-01,2043720.473441442,175891.2208178053,1
215,Idaho,2011-01-01,1915260.878342934,154645.6878955141,1
216,Idaho,2012-01-01,1844518.5504808195,144303.91140165317,1
217,Idaho,2013-01-01,1885396.4077659727,155713.1404814075,1
218,Idaho,2014-01-01,1868180.6269481494,169755.01330009746,1
219,Idaho,2015-01-01,1883945.3992322637,176661.09782968994,1
220,Idaho,2016-01-01,1935653.0,189176.26739059185,1
221,Illinois,2000-01-01,18470899.75050459,150123.15850356806,1
222,Illinois,2001-01-01,18749628.96972592,157521.3510324317,1
223,Illinois,2002-01-01,19137070.691615574,167543.28234037836,1
224,Illinois,2003-01-01,20013318.2253549,176867.99028439788,1
225,Illinois,2004-01-01,20704190.833759416,185155.52894259585,1
226,Illinois,2005-01-01,20827319.104011413,194689.3014948638,1
227,Illinois,2006-01-01,21284605.417148992,204878.9018871801,1
228,Illinois,2007-01-01,21562422.882986248,207232.1801331454,1
229,Illinois,2008-01-01,22275021.18438728,200346.58246906608,1
230,Illinois,2009-01-01,23737621.457564093,178981.53169245686,1
231,Illinois,2010-01-01,24185392.170866083,160466.51028772016,1
232,Illinois,2011-01-01,23806122.836575534,146323.55757659668,1
233,Illinois,2012-01-01,23510114.558931652,131940.25598213324,1
234,Illinois,2013-01-01,23353450.00134256,128284.29285918978,1
235,Illinois,2014-01-01,23788643.32130984,138502.52575073004,1
236,Illinois,2015-01-01,23951651.640545465,145461.58081102045,1
237,Illinois,2016-01-01,23933484.0,151808.45846992245,1
238,Indiana,2000-01-01,8245306.225844493,125615.79839133653,1
239,Indiana,2001-01-01,8481883.97141383,126112.08720651949,1
240,Indiana,2002-01-01,8763546.86394101,127384.2452450807,1
241,Indiana,2003-01-01,9160490.535201048,126461.64921637908,1
242,Indiana,2004-01-01,9472769.10786035,125846.54974585192,1
243,Indiana,2005-01-01,9938129.291610021,126563.81248328245,1
244,Indiana,2006-01-01,9709369.190579476,129144.95946856745,1
245,Indiana,2007-01-01,9779897.07207429,128697.00554598316,1
246,Indiana,2008-01-01,9380111.795217946,127045.48477945157,1
247,Indiana,2009-01-01,9609350.682122024,123465.30611163082,1
248,Indiana,2010-01-01,9726483.777711665,119722.72804377225,1
249,Indiana,2011-01-01,9212313.964832332,115103.60034850767,1
250,Indiana,2012-01-01,9056059.79417517,111017.68516709357,1
251,Indiana,2013-01-01,8735093.334416363,111318.17657227334,1
252,Indiana,2014-01-01,8577576.52787937,112967.5874115609,1
253,Indiana,2015-01-01,8574991.126461405,116487.60111701135,1
254,Indiana,2016-01-01,8643916.0,120669.78950711794,1
255,Iowa,2000-01-01,4158791.02347812,105149.14100556314,1
256,Iowa,2001-01-01,4113278.6214201003,107667.08854280028,1
257,Iowa,2002-01-01,4095564.889645315,110746.86590488227,1
258,Iowa,2003-01-01,4293635.725700216,113049.9343302978,1
259,Iowa,2004-01-01,4451482.84227085,114798.83033455435,1
260,Iowa,2005-01-01,4487865.168554664,115465.5806303776,1
261,Iowa,2006-01-01,4586693.079664889,117919.15580746681,1
262,Iowa,2007-01-01,4677979.615996211,117870.99974020662,1
263,Iowa,2008-01-01,4875991.624034334,117353.69422851564,1
264,Iowa,2009-01-01,5097912.878350704,115541.93822227155,1
265,Iowa,2010-01-01,5110056.03080105,113009.52456333183,1
266,Iowa,2011-01-01,5079398.07312918,109398.55829678255,1
267,Iowa,2012-01-01,5106831.6661042785,105863.5806778135,1
268,Iowa,2013-01-01,5202242.610202887,108832.93077153369,1
269,Iowa,2014-01-01,5308144.901298449,112248.96058970239,1
270,Iowa,2015-01-01,5435767.25927412,115700.69711658104,1
271,Iowa,2016-01-01,5517359.0,122906.28032445068,1
272,Kansas,2000-01-01,3766567.4401480057,99574.21141291503,1
273,Kansas,2001-01-01,3908011.56543732,101273.56413957088,1
274,Kansas,2002-01-01,4069026.241365895,106147.91873036572,1
275,Kansas,2003-01-01,4106601.5877982113,106711.23846372984,1
276,Kansas,2004-01-01,4112536.8092260645,106770.54665099668,1
277,Kansas,2005-01-01,4089913.0927166683,110787.13169646802,1
278,Kansas,2006-01-01,4265496.896330479,110334.70328165645,1
279,Kansas,2007-01-01,4490928.27529002,111342.4309265502,1
280,Kansas,2008-01-01,4711981.414099901,111833.97712033213,1
281,Kansas,2009-01-01,4837943.376381287,110741.91801341194,1
282,Kansas,2010-01-01,4678181.174882839,109609.23124534375,1
283,Kansas,2011-01-01,4596635.80262855,105097.93956285426,1
284,Kansas,2012-01-01,4530387.368406129,100185.69140431494,1
285,Kansas,2013-01-01,4563657.731204506,102968.94550351783,1
286,Kansas,2014-01-01,4574321.3973403685,105300.34292852454,1
287,Kansas,2015-01-01,4591643.462855425,109791.98265776786,1
288,Kansas,2016-01-01,4532902.0,115878.1581535433,1
289,Kentucky,2000-01-01,4511423.6325721545,108658.83392129529,1
290,Kentucky,2001-01-01,4631054.492072516,110930.99956174486,1
291,Kentucky,2002-01-01,4775655.597045418,114518.73278821852,1
292,Kentucky,2003-01-01,4869883.9770244835,115754.91185812914,1
293,Kentucky,2004-01-01,4924356.945152436,116652.32379972097,1
294,Kentucky,2005-01-01,5369423.253747035,116863.18416959322,1
295,Kentucky,2006-01-01,5665447.5361209065,118315.77203958089,1
296,Kentucky,2007-01-01,5695421.757665511,118430.73160481638,1
297,Kentucky,2008-01-01,6085082.283049507,116940.25673728899,1
298,Kentucky,2009-01-01,6058524.685838055,115359.12960753869,1
299,Kentucky,2010-01-01,6271393.666975757,112569.35891317666,1
300,Kentucky,2011-01-01,6351424.030348105,108916.8269805619,1
301,Kentucky,2012-01-01,6368033.882062901,104083.9885881032,1
302,Kentucky,2013-01-01,6243349.15540945,104533.05867593182,1
303,Kentucky,2014-01-01,6117813.85312338,105678.59115219775,1
304,Kentucky,2015-01-01,6200535.653780968,108120.20145163195,1
305,Kentucky,2016-01-01,6283316.0,112452.12028559497,1
306,Louisiana,2000-01-01,5749510.941794539,115928.9911621342,1
307,Louisiana,2001-01-01,5934189.768816566,118609.7851139267,1
308,Louisiana,2002-01-01,6149701.419758712,122490.89990359073,1
309,Louisiana,2003-01-01,6342640.399879468,125654.29002322898,1
310,Louisiana,2004-01-01,6480643.715007338,126755.89144644923,1
311,Louisiana,2005-01-01,6596270.057696937,129935.5131587791,1
312,Louisiana,2006-01-01,6391550.142961745,136057.54958744886,1
313,Louisiana,2007-01-01,6791141.234699931,142659.3438294098,1
314,Louisiana,2008-01-01,7468081.999698741,143826.98497182157,1
315,Louisiana,2009-01-01,7896418.2513100095,141854.38765075695,1
316,Louisiana,2010-01-01,7913520.0375513565,139288.47482994612,1
317,Louisiana,2011-01-01,7876551.362287778,135391.4772664268,1
318,Louisiana,2012-01-01,8230857.06855866,129438.58362009692,1
319,Louisiana,2013-01-01,7233933.820897892,130080.11922444457,1
320,Louisiana,2014-01-01,7229375.210494104,133889.96451392843,1
321,Louisiana,2015-01-01,7351222.312226015,136715.47756371245,1
322,Louisiana,2016-01-01,7295542.0,143281.5240866796,1
323,Maine,2000-01-01,2026358.8658769368,128708.42493895737,1
324,Maine,2001-01-01,2070439.4838813248,136998.4397332905,1
325,Maine,2002-01-01,2126030.7409887672,150739.62325771162,1
326,Maine,2003-01-01,2200482.2466071895,165815.49943413443,1
327,Maine,2004-01-01,2255535.3411391336,181833.83828056743,1
328,Maine,2005-01-01,2270615.9077295763,201796.9757583498,1
329,Maine,2006-01-01,2306185.4078707583,211944.32503592074,1
330,Maine,2007-01-01,2340029.039182398,208480.75409648122,1
331,Maine,2008-01-01,2367032.978609892,202558.95456190305,1
332,Maine,2009-01-01,2453091.5516860452,190672.04664851696,1
333,Maine,2010-01-01,2426369.17614416,177039.0395976197,1
334,Maine,2011-01-01,2389879.6802165275,170071.62395518494,1
335,Maine,2012-01-01,2291995.0507764965,164712.0421737778,1
336,Maine,2013-01-01,2205612.1788870483,162882.61180449466,1
337,Maine,2014-01-01,2223887.8102491237,166483.61788495295,1
338,Maine,2015-01-01,2284546.351766235,168681.29480299863,1
339,Maine,2016-01-01,2290535.0,177693.3433258301,1
340,Maryland,2000-01-01,7703580.434504469,191833.1764191441,1
341,Maryland,2001-01-01,8240114.214880437,196220.71045032045,1
342,Maryland,2002-01-01,8809089.042720277,208391.4602350117,1
343,Maryland,2003-01-01,8990697.18516496,229781.52653663402,1
344,Maryland,2004-01-01,9098566.645342423,256890.73118353455,1
345,Maryland,2005-01-01,9349687.179209068,298776.25885637174,1
346,Maryland,2006-01-01,9825178.652252808,349882.2336558617,1
347,Maryland,2007-01-01,10542232.783126995,365940.7370954186,1
348,Maryland,2008-01-01,11202620.79769298,347032.30980559695,1
349,Maryland,2009-01-01,11603032.548727507,303161.11684734334,1
350,Maryland,2010-01-01,11709968.214488203,271374.6856497264,1
351,Maryland,2011-01-01,11557330.242291262,252740.02023357694,1
352,Maryland,2012-01-01,11293594.561125575,236187.55797001917,1
353,Maryland,2013-01-01,11445784.018116612,240324.75347843656,1
354,Maryland,2014-01-01,11514922.019799605,251884.6697769254,1
355,Maryland,2015-01-01,11685969.730762212,258748.02318224678,1
356,Maryland,2016-01-01,10459539.0,265616.8814998597,1
357,Massachusetts,2000-01-01,10415140.700757291,253208.23273048704,1
358,Massachusetts,2001-01-01,10976576.231606057,280323.9806911162,1
359,Massachusetts,2002-01-01,11586903.556617169,317726.48748995207,1
360,Massachusetts,2003-01-01,11787546.628022194,355125.315532675,1
361,Massachusetts,2004-01-01,11893197.955814958,383855.1229108839,1
362,Massachusetts,2005-01-01,12068342.207305863,409197.2109983046,1
363,Massachusetts,2006-01-01,12230354.340914568,416928.3464564769,1
364,Massachusetts,2007-01-01,12417549.138924226,388199.28651652625,1
365,Massachusetts,2008-01-01,12925600.408652117,364669.177834986,1
366,Massachusetts,2009-01-01,13605756.813440213,334812.2426323438,1
367,Massachusetts,2010-01-01,13248599.701433277,322362.8881355819,1
368,Massachusetts,2011-01-01,13020849.43340359,313425.4602143172,1
369,Massachusetts,2012-01-01,13342992.648604995,293269.00078071683,1
370,Massachusetts,2013-01-01,13415999.113160707,296892.7453798261,1
371,Massachusetts,2014-01-01,13876274.029849047,313577.2480809165,1
372,Massachusetts,2015-01-01,14086189.852502946,324882.12801831926,1
373,Massachusetts,2016-01-01,13998163.0,344300.8502319888,1
374,Michigan,2000-01-01,17550060.63409282,136982.4257975811,1
375,Michigan,2001-01-01,17388299.041958824,143343.2566901141,1
376,Michigan,2002-01-01,17342923.130071174,149064.3312586076,1
377,Michigan,2003-01-01,18590475.87978126,151540.66110733236,1
378,Michigan,2004-01-01,19646325.96090289,153511.7033100701,1
379,Michigan,2005-01-01,19440226.142735142,154114.47293486417,1
380,Michigan,2006-01-01,17529771.346669666,152695.7391257133,1
381,Michigan,2007-01-01,19098123.252203435,145816.5943349976,1
382,Michigan,2008-01-01,18034917.69454087,133358.24496819742,1
383,Michigan,2009-01-01,18037570.103728604,114361.8521749051,1
384,Michigan,2010-01-01,17794134.486642364,98126.4236364809,1
385,Michigan,2011-01-01,16876837.84158157,91547.4598048629,1
386,Michigan,2012-01-01,16115456.109347444,86124.52178433686,1
387,Michigan,2013-01-01,15508438.997598555,91911.09183077469,1
388,Michigan,2014-01-01,15230467.575250423,103186.80931441934,1
389,Michigan,2015-01-01,15365701.776293308,110830.47375582877,1
390,Michigan,2016-01-01,15328154.999999998,119104.5232430197,1
391,Minnesota,2000-01-01,8194083.522578899,155940.33438626782,1
392,Minnesota,2001-01-01,8152125.768621829,171106.00849038147,1
393,Minnesota,2002-01-01,8163477.9589526765,190129.90815943296,1
394,Minnesota,2003-01-01,8342587.149322077,202941.09924827085,1
395,Minnesota,2004-01-01,8452797.823965292,213992.63021463525,1
396,Minnesota,2005-01-01,8519772.560012149,223586.081955381,1
397,Minnesota,2006-01-01,8672731.84800144,229382.3740747712,1
398,Minnesota,2007-01-01,8831092.126744816,223925.05919040472,1
399,Minnesota,2008-01-01,9077465.081914352,211213.13584924932,1
400,Minnesota,2009-01-01,9848027.261647226,189864.42808805537,1
401,Minnesota,2010-01-01,9337310.292387476,176773.75522350083,1
402,Minnesota,2011-01-01,9140030.986161875,165272.56533082348,1
403,Minnesota,2012-01-01,9046165.710691156,149867.1539629627,1
404,Minnesota,2013-01-01,9170829.998146974,159983.92920672137,1
405,Minnesota,2014-01-01,9341612.123244526,172676.96408533474,1
406,Minnesota,2015-01-01,9674996.905195467,179116.6979588123,1
407,Minnesota,2016-01-01,9987116.0,190394.0208200733,1
408,Mississippi,2000-01-01,3292141.1552283172,92410.15703260584,1
409,Mississippi,2001-01-01,3304400.9370164103,94631.0250994209,1
410,Mississippi,2002-01-01,3337185.4308225783,96812.01799478279,1
411,Mississippi,2003-01-01,3543479.729076431,97453.49724708163,1
412,Mississippi,2004-01-01,3714651.009394053,97601.489564753,1
413,Mississippi,2005-01-01,3815497.1371534034,98648.04535433507,1
414,Mississippi,2006-01-01,4027087.234563731,102516.88866995514,1
415,Mississippi,2007-01-01,4050896.904512358,108239.21544338587,1
416,Mississippi,2008-01-01,4183534.8061713832,108232.46590597543,1
417,Mississippi,2009-01-01,4232699.149836049,103595.81744748635,1
418,Mississippi,2010-01-01,4207285.172070318,99432.67516086077,1
419,Mississippi,2011-01-01,4015651.0206522173,94859.66913682612,1
420,Mississippi,2012-01-01,4047955.368290575,91943.86147955377,1
421,Mississippi,2013-01-01,3997377.4602600066,91091.6518760164,1
422,Mississippi,2014-01-01,3962726.491306435,90353.73099217359,1
423,Mississippi,2015-01-01,4027128.073585502,95657.56431789162,1
424,Mississippi,2016-01-01,4077662.9999999995,112131.4008980642,1
425,Missouri,2000-01-01,7355066.295003897,117372.99047754992,1
426,Missouri,2001-01-01,7731249.975863427,122290.64573018595,1
427,Missouri,2002-01-01,8142583.471462423,128808.28558124595,1
428,Missouri,2003-01-01,8163405.555537149,134375.81009661537,1
429,Missouri,2004-01-01,8123756.094537566,139168.0027457822,1
430,Missouri,2005-01-01,8178379.728527225,141315.125644133,1
431,Missouri,2006-01-01,8424042.88618192,144100.48997660738,1
432,Missouri,2007-01-01,8675709.65856951,144516.99013701524,1
433,Missouri,2008-01-01,9020085.586412814,140898.25344404505,1
434,Missouri,2009-01-01,9259491.33039856,135124.67137119378,1
435,Missouri,2010-01-01,9260486.309880381,129412.71736776765,1
436,Missouri,2011-01-01,8834215.732578523,121895.08959180741,1
437,Missouri,2012-01-01,8669973.771480754,113257.84693024556,1
438,Missouri,2013-01-01,8710936.027852116,114175.04527307917,1
439,Missouri,2014-01-01,8774247.89857296,117039.97678322892,1
440,Missouri,2015-01-01,8952902.946669905,120545.07780596512,1
441,Missouri,2016-01-01,8996869.0,127319.08032742204,1
448,Montana,2006-01-01,1403864.72154162,183150.3753809779,1
449,Montana,2007-01-01,1453288.053080899,193888.6893964956,1
450,Montana,2008-01-01,1493909.591288064,197778.92553990654,1
451,Montana,2009-01-01,1529224.6405681968,195985.83773117076,1
452,Montana,2010-01-01,1584356.6445645473,186521.8897247584,1
453,Montana,2011-01-01,1570694.1321858226,178182.72303023565,1
454,Montana,2012-01-01,1523723.7507090818,171767.34538029457,1
455,Montana,2013-01-01,1524939.5894932454,179417.24947974336,1
456,Montana,2014-01-01,1567054.3370373747,186556.50798141662,1
457,Montana,2015-01-01,1562673.58804032,195789.25463614272,1
458,Montana,2016-01-01,1598517.0,212136.17454666423,1
459,Nebraska,2000-01-01,2330248.797817927,146566.46077516192,1
460,Nebraska,2001-01-01,2466512.737314182,146907.32320339966,1
461,Nebraska,2002-01-01,2613387.3862777893,134253.142569685,1
462,Nebraska,2003-01-01,2676337.973754086,136631.7407087516,1
463,Nebraska,2004-01-01,2716938.5480233077,139812.22866326783,1
464,Nebraska,2005-01-01,2683183.6028486383,141956.1095794419,1
465,Nebraska,2006-01-01,2715820.6141817113,142933.2568472018,1
466,Nebraska,2007-01-01,2880005.801121559,142600.78973802473,1
467,Nebraska,2008-01-01,2951850.0468801623,138546.0756762622,1
468,Nebraska,2009-01-01,3113971.118886804,133049.10309331093,1
469,Nebraska,2010-01-01,3332368.339859161,134193.41830764545,1
470,Nebraska,2011-01-01,3324423.4935481856,128078.89483202777,1
471,Nebraska,2012-01-01,3437994.6909629675,124506.9385751885,1
472,Nebraska,2013-01-01,3499999.4476450784,126076.91762853187,1
473,Nebraska,2014-01-01,3526110.968132488,129380.905906448,1
474,Nebraska,2015-01-01,3612261.5715071494,133150.00349752215,1
475,Nebraska,2016-01-01,3728426.0,140976.1539093985,1
476,Nevada,2000-01-01,2435671.5908897016,209549.28206797782,1
477,Nevada,2001-01-01,2563783.9123018766,213492.10606098763,1
478,Nevada,2002-01-01,2703427.7372163637,224309.59522553516,1
479,Nevada,2003-01-01,2845305.885238102,234426.10475005762,1
480,Nevada,2004-01-01,2960049.5073374324,259035.4443073868,1
481,Nevada,2005-01-01,3138491.259799209,347030.2771342256,1
482,Nevada,2006-01-01,3429401.441667584,386569.29162194586,1
483,Nevada,2007-01-01,3736792.2751960787,378288.95005878486,1
484,Nevada,2008-01-01,3868729.2751876395,323535.5362341902,1
485,Nevada,2009-01-01,3915988.210273063,227330.8589460772,1
486,Nevada,2010-01-01,3927590.3700103,170495.13987511516,1
487,Nevada,2011-01-01,3924172.7230751757,154985.54226506775,1
488,Nevada,2012-01-01,3702843.5611572997,136827.2947865886,1
489,Nevada,2013-01-01,3719404.240740499,149474.54426198054,1
490,Nevada,2014-01-01,3722089.6723597986,188628.11330577798,1
491,Nevada,2015-01-01,3806139.3184090317,204558.0854204459,1
492,Nevada,2016-01-01,3944218.0,222606.8248584892,1
493,New Hampshire,2000-01-01,1844904.9771809161,172654.33798503655,1
494,New Hampshire,2001-01-01,1947879.3673060099,188229.00618698398,1
495,New Hampshire,2002-01-01,2059406.153527653,212987.52742505007,1
496,New Hampshire,2003-01-01,2169015.761152383,236414.83214908352,1
497,New Hampshire,2004-01-01,2257874.6362050986,259026.29323272576,1
498,New Hampshire,2005-01-01,2319319.332244182,278393.86437207856,1
499,New Hampshire,2006-01-01,2382206.98011643,291584.212759944,1
500,New Hampshire,2007-01-01,2435372.365395994,280591.2276240795,1
501,New Hampshire,2008-01-01,2547188.871006768,265483.92587874085,1
502,New Hampshire,2009-01-01,2631228.7973907585,243093.75958431853,1
503,New Hampshire,2010-01-01,2686613.8804975315,228191.19475253878,1
504,New Hampshire,2011-01-01,2703811.472967169,218894.99497442594,1
505,New Hampshire,2012-01-01,2692455.3569893185,206429.5599642452,1
506,New Hampshire,2013-01-01,2667498.3008072893,205618.91015553894,1
507,New Hampshire,2014-01-01,2676333.66954054,211389.45924866738,1
508,New Hampshire,2015-01-01,2709096.943977095,217039.16123733335,1
509,New Hampshire,2016-01-01,2737576.0,229287.88205002187,1
510,New Jersey,2000-01-01,18027212.23732526,208142.0493244617,1
511,New Jersey,2001-01-01,18317233.26290224,221500.1321156598,1
512,New Jersey,2002-01-01,18712802.061362546,243821.38404719613,1
513,New Jersey,2003-01-01,20139408.123370424,274797.0288614141,1
514,New Jersey,2004-01-01,21354959.789289262,305590.0625732853,1
515,New Jersey,2005-01-01,22042867.351510055,341069.8152630612,1
516,New Jersey,2006-01-01,22654306.61711028,377125.35767810943,1
517,New Jersey,2007-01-01,22809212.67507763,379995.88764519105,1
518,New Jersey,2008-01-01,23337527.368302982,359914.17238212586,1
519,New Jersey,2009-01-01,23834379.345850967,327207.1967058103,1
520,New Jersey,2010-01-01,24614919.46849362,304833.1074607918,1
521,New Jersey,2011-01-01,23296563.59927136,286927.1238874864,1
522,New Jersey,2012-01-01,23449954.893895894,261834.83160032888,1
523,New Jersey,2013-01-01,24107077.739696607,259589.0657483705,1
524,New Jersey,2014-01-01,24864589.992861956,266462.53350457246,1
525,New Jersey,2015-01-01,24310605.349386923,276003.03328755865,1
526,New Jersey,2016-01-01,24349836.0,284537.6629899303,1
530,New Mexico,2003-01-01,2837384.2346375957,162960.62109235243,1
531,New Mexico,2004-01-01,2926602.697702214,164875.87445071948,1
532,New Mexico,2005-01-01,2963556.9790862044,169546.78857860967,1
533,New Mexico,2006-01-01,3067864.075528286,182549.29266005868,1
534,New Mexico,2007-01-01,3177975.8098764387,200186.9436441043,1
535,New Mexico,2008-01-01,3288765.8788180575,202604.15286464925,1
536,New Mexico,2009-01-01,3398705.396868555,191955.7861064761,1
537,New Mexico,2010-01-01,3367818.1193866795,182783.67147047096,1
538,New Mexico,2011-01-01,3193683.1208406086,169055.04253791345,1
539,New Mexico,2012-01-01,3042909.1444326555,159954.14155051406,1
540,New Mexico,2013-01-01,3015298.6690823413,159986.4911967871,1
541,New Mexico,2014-01-01,2952961.6012955573,158117.93581086196,1
542,New Mexico,2015-01-01,3163238.14826681,159870.76936891166,1
543,New Mexico,2016-01-01,3049749.0,162919.41483355415,1
544,New York,2000-01-01,40204985.33496934,167712.78913491502,1
545,New York,2001-01-01,41613783.71217607,177140.2606221064,1
546,New York,2002-01-01,43234595.28706767,189756.79854349574,1
547,New York,2003-01-01,44726862.73116566,204238.94829798018,1
548,New York,2004-01-01,45825810.75465786,221392.7427996059,1
549,New York,2005-01-01,46754185.47161701,238417.230221544,1
550,New York,2006-01-01,48139102.728600934,257802.71643582196,1
551,New York,2007-01-01,49418457.21128971,262273.9661361735,1
552,New York,2008-01-01,51432607.35905446,258859.1379941054,1
553,New York,2009-01-01,53310409.46253678,246179.9775158664,1
554,New York,2010-01-01,54138146.797891006,234112.35251526165,1
555,New York,2011-01-01,54202806.5375743,227051.81596392745,1
556,New York,2012-01-01,53863517.37487456,216691.58963227365,1
557,New York,2013-01-01,56782423.52182938,215594.73523469892,1
558,New York,2014-01-01,57704311.1297138,221185.44517569072,1
559,New York,2015-01-01,59343611.44130778,227919.63337535868,1
560,New York,2016-01-01,56656536.0,237939.42422693782,1
561,North Carolina,2000-01-01,10097511.695193881,161706.06299855193,1
562,North Carolina,2001-01-01,10362366.805120256,164955.38644663992,1
563,North Carolina,2002-01-01,10683199.681304075,167166.70325632527,1
564,North Carolina,2003-01-01,10869840.682574388,167060.94992957282,1
565,North Carolina,2004-01-01,10968812.486719716,166318.7789938615,1
566,North Carolina,2005-01-01,11587246.048405955,166605.16468353843,1
567,North Carolina,2006-01-01,11842285.853998173,170411.464861739,1
568,North Carolina,2007-01-01,12630011.137352435,176006.73978489617,1
569,North Carolina,2008-01-01,12727557.38021514,178814.3262555777,1
570,North Carolina,2009-01-01,13738917.976607677,173462.59993938776,1
571,North Carolina,2010-01-01,13314222.477239164,164120.94586238114,1
572,North Carolina,2011-01-01,12700123.876548357,155315.1076798546,1
573,North Carolina,2012-01-01,12455756.546727585,145444.2709192967,1
574,North Carolina,2013-01-01,12450730.46527579,144400.30583706876,1
575,North Carolina,2014-01-01,12203336.595313495,146711.46556261784,1
576,North Carolina,2015-01-01,12574844.568221895,150419.75532898284,1
577,North Carolina,2016-01-01,12620939.0,157419.23549714047,1
587,North Dakota,2009-01-01,1032590.4537053586,150151.24025085254,1
588,North Dakota,2010-01-01,1100817.9133088673,147815.29781737612,1
589,North Dakota,2011-01-01,1139642.8874668735,147098.66205278627,1
590,North Dakota,2012-01-01,1157356.1066413526,144714.92017364077,1
591,North Dakota,2013-01-01,1202003.1856359919,159711.21245017645,1
592,North Dakota,2014-01-01,1244987.893145204,172268.3371950438,1
593,North Dakota,2015-01-01,1369902.8251585905,183264.3075728224,1
594,North Dakota,2016-01-01,1393844.0,196346.15798907916,1
595,Ohio,2000-01-01,16720989.259873008,131736.18114520912,1
596,Ohio,2001-01-01,17258460.120960303,134790.87615218206,1
597,Ohio,2002-01-01,17885592.55109403,137827.6925084805,1
598,Ohio,2003-01-01,18851970.97382864,139611.1771704368,1
599,Ohio,2004-01-01,19637388.781937502,141340.27009977362,1
600,Ohio,2005-01-01,19565840.7140362,141684.2949527574,1
601,Ohio,2006-01-01,19643850.246164538,141459.2216647638,1
602,Ohio,2007-01-01,19482447.03768538,138511.1294099065,1
603,Ohio,2008-01-01,19727432.50699645,133000.17290732783,1
604,Ohio,2009-01-01,20097645.60595646,126707.35522628174,1
605,Ohio,2010-01-01,20265836.27787215,120114.97770331241,1
606,Ohio,2011-01-01,20069884.3499938,113866.08969384785,1
607,Ohio,2012-01-01,20068549.031169973,107056.07370943068,1
608,Ohio,2013-01-01,19143446.46736761,106637.70768434713,1
609,Ohio,2014-01-01,19282602.107456427,109866.3729077015,1
610,Ohio,2015-01-01,19638658.07404034,112775.84051053078,1
611,Ohio,2016-01-01,20271944.0,118571.98499417923,1
612,Oklahoma,2000-01-01,4449077.402349289,95973.15966864316,1
613,Oklahoma,2001-01-01,4686499.048562034,98106.40770897164,1
614,Oklahoma,2002-01-01,4944878.630074967,100733.35219216398,1
615,Oklahoma,2003-01-01,4821627.1755957445,102248.99175412582,1
616,Oklahoma,2004-01-01,4668756.867108405,102909.32365409101,1
617,Oklahoma,2005-01-01,4903989.190051913,103739.97178990592,1
618,Oklahoma,2006-01-01,5019512.685159752,104624.65392568104,1
619,Oklahoma,2007-01-01,5268922.6492941845,106458.2465873376,1
620,Oklahoma,2008-01-01,5394028.707201222,106951.78019853265,1
621,Oklahoma,2009-01-01,5532315.2027785955,106346.71695205213,1
622,Oklahoma,2010-01-01,5628605.817575829,105493.9598148309,1
623,Oklahoma,2011-01-01,4975897.387543362,102028.73814918647,1
624,Oklahoma,2012-01-01,4980136.219391894,98374.98550591111,1
625,Oklahoma,2013-01-01,5052014.424956652,99544.07388432673,1
626,Oklahoma,2014-01-01,5044841.872905103,101609.90486268688,1
627,Oklahoma,2015-01-01,5007149.308806731,105656.21170095222,1
628,Oklahoma,2016-01-01,4958496.0,107719.28157453192,1
629,Oregon,2000-01-01,4996717.310604705,198255.62563629923,1
630,Oregon,2001-01-01,5169064.431757906,200850.16448920147,1
631,Oregon,2002-01-01,5367843.557061318,205442.0701253987,1
632,Oregon,2003-01-01,5242047.985285107,210786.91219298588,1
633,Oregon,2004-01-01,5083682.007452868,218284.0045567044,1
634,Oregon,2005-01-01,5297313.08715105,233232.8993405614,1
635,Oregon,2006-01-01,5456424.551628981,270363.9521470314,1
636,Oregon,2007-01-01,5627645.165733106,298313.526975063,1
637,Oregon,2008-01-01,5942853.121752935,296121.0996824091,1
638,Oregon,2009-01-01,6064575.948563512,268860.3103040777,1
639,Oregon,2010-01-01,5872892.623347226,243049.88832992577,1
640,Oregon,2011-01-01,5792135.77549952,222178.93858576598,1
641,Oregon,2012-01-01,5663254.1116308095,202307.8480080334,1
642,Oregon,2013-01-01,5586249.840647985,208574.24329322003,1
643,Oregon,2014-01-01,5762051.5829458535,228187.59309260923,1
644,Oregon,2015-01-01,6051509.950111693,244840.21166698134,1
645,Oregon,2016-01-01,6285584.0,272978.2754183557,1
646,Pennsylvania,2000-01-01,19100296.497731533,121029.2484601234,1
647,Pennsylvania,2001-01-01,18468924.50133154,124154.72063644673,1
648,Pennsylvania,2002-01-01,17978194.633276332,129119.62075938092,1
649,Pennsylvania,2003-01-01,19991762.12152373,136055.34952400098,1
650,Pennsylvania,2004-01-01,21768943.977169793,144172.83634934397,1
651,Pennsylvania,2005-01-01,22302949.245402213,155320.46446689114,1
652,Pennsylvania,2006-01-01,22548688.53810986,167478.1165320877,1
653,Pennsylvania,2007-01-01,22744676.475602344,172470.68151714245,1
654,Pennsylvania,2008-01-01,23188223.761829518,172307.44695562485,1
655,Pennsylvania,2009-01-01,23602319.318029623,165574.29624444165,1
656,Pennsylvania,2010-01-01,24169310.022126336,160988.03825979694,1
657,Pennsylvania,2011-01-01,23722678.13542977,154663.70230678897,1
658,Pennsylvania,2012-01-01,23214901.415858515,146070.60708761404,1
659,Pennsylvania,2013-01-01,24943207.782452933,144842.5663319264,1
660,Pennsylvania,2014-01-01,24557854.022688907,145597.6463268519,1
661,Pennsylvania,2015-01-01,25232682.637297783,146702.13512868126,1
662,Pennsylvania,2016-01-01,25955384.0,151009.44685342655,1
663,Rhode Island,2000-01-01,1753576.3215793693,173784.19243408568,1
664,Rhode Island,2001-01-01,1858593.4065662797,185057.56978671608,1
665,Rhode Island,2002-01-01,1971519.0662427496,207576.89147761645,1
666,Rhode Island,2003-01-01,2082870.6903086859,243273.4150543181,1
667,Rhode Island,2004-01-01,2174021.4392800787,282446.18182263355,1
668,Rhode Island,2005-01-01,2164185.92276223,320123.825423227,1
669,Rhode Island,2006-01-01,2176839.014163055,340525.0129858497,1
670,Rhode Island,2007-01-01,2275233.7452767603,326467.27712502645,1
671,Rhode Island,2008-01-01,2302724.625690364,306185.6264104751,1
672,Rhode Island,2009-01-01,2318615.090147583,267851.47526904085,1
673,Rhode Island,2010-01-01,2304586.4285836797,247745.4765629781,1
674,Rhode Island,2011-01-01,2270870.857352476,238334.34740367017,1
675,Rhode Island,2012-01-01,2244856.198396736,217626.4806214902,1
676,Rhode Island,2013-01-01,2261587.7945102328,213916.49438319315,1
677,Rhode Island,2014-01-01,2236093.6339149005,221661.23849297606,1
678,Rhode Island,2015-01-01,2258342.343172393,227152.08301590587,1
679,Rhode Island,2016-01-01,2297516.0,238279.93850371148,1
680,South Carolina,2000-01-01,5309823.995327908,138076.19702647423,1
681,South Carolina,2001-01-01,5638576.474683537,141409.20295635858,1
682,South Carolina,2002-01-01,5990948.468119102,144481.70182455974,1
683,South Carolina,2003-01-01,6070907.308287009,145242.9207371282,1
684,South Carolina,2004-01-01,6102995.247770501,146742.8701691431,1
685,South Carolina,2005-01-01,6305528.594362921,150880.73317128327,1
686,South Carolina,2006-01-01,6531545.089717615,158752.32663460623,1
687,South Carolina,2007-01-01,6799903.648540471,166402.01348818655,1
688,South Carolina,2008-01-01,7264567.111338654,164728.46605215274,1
689,South Carolina,2009-01-01,7358706.027758999,157087.24400096657,1
690,South Carolina,2010-01-01,7117492.159495948,147264.10861979355,1
691,South Carolina,2011-01-01,6838428.229347845,139069.17857205682,1
692,South Carolina,2012-01-01,6772787.2286674185,130122.30950314479,1
693,South Carolina,2013-01-01,6852345.854398486,131378.7840820805,1
694,South Carolina,2014-01-01,7112337.020494025,135418.82704995677,1
695,South Carolina,2015-01-01,7253389.569379239,139470.67373034562,1
696,South Carolina,2016-01-01,7419325.0,147413.5274247964,1
697,South Dakota,2000-01-01,950594.0089402662,126898.85107872217,1
698,South Dakota,2001-01-01,976992.6199219155,122882.6363525832,1
699,South Dakota,2002-01-01,1008614.795544743,124614.58998118705,1
700,South Dakota,2003-01-01,1026063.6317152504,126663.21649419185,1
701,South Dakota,2004-01-01,1035243.3785878328,129421.96562930828,1
702,South Dakota,2005-01-01,1044332.2189995981,134120.08871862452,1
703,South Dakota,2006-01-01,1049544.786172639,138554.04121520347,1
704,South Dakota,2007-01-01,1054867.0195405313,139728.63464063156,1
705,South Dakota,2008-01-01,1095425.8160155462,141569.65746363328,1
706,South Dakota,2009-01-01,1121779.256104304,143025.7737872244,1
707,South Dakota,2010-01-01,1149824.154740691,138423.77004839914,1
708,South Dakota,2011-01-01,1138936.2584431518,136269.47327552768,1
709,South Dakota,2012-01-01,1094329.8326149816,133524.5814785449,1
710,South Dakota,2013-01-01,1099328.9171229543,142428.2409443195,1
711,South Dakota,2014-01-01,1136850.3142177458,148368.98880294347,1
712,South Dakota,2015-01-01,1155863.0207655625,152681.46225479123,1
713,South Dakota,2016-01-01,1185796.0,162120.90493370412,1
714,Tennessee,2000-01-01,6513957.985302304,128594.66867351002,1
715,Tennessee,2001-01-01,6617940.139964724,129664.82660099071,1
716,Tennessee,2002-01-01,6760086.4151605405,131577.37586738038,1
717,Tennessee,2003-01-01,6956998.3173156055,131939.5388597553,1
718,Tennessee,2004-01-01,7094314.217565114,132298.17610241167,1
719,Tennessee,2005-01-01,7327720.476325087,133974.89184785634,1
720,Tennessee,2006-01-01,7412064.610305912,139157.7081806206,1
721,Tennessee,2007-01-01,7590522.883752166,143851.08611581256,1
722,Tennessee,2008-01-01,8049006.275277088,143475.9083187727,1
723,Tennessee,2009-01-01,8430227.977917627,138028.30731562272,1
724,Tennessee,2010-01-01,8563002.001646183,131489.43610355037,1
725,Tennessee,2011-01-01,8706181.231986174,126165.45588942147,1
726,Tennessee,2012-01-01,8350396.038086071,119955.4342323691,1
727,Tennessee,2013-01-01,8205980.1489605615,120882.16452546592,1
728,Tennessee,2014-01-01,8394194.35609042,124517.30322948663,1
729,Tennessee,2015-01-01,8327476.165699825,130033.37932582152,1
730,Tennessee,2016-01-01,8294164.999999999,139276.41556612527,1
731,Texas,2000-01-01,31146742.811897397,142587.08130652446,1
732,Texas,2001-01-01,32418631.24650526,142199.2379810987,1
733,Texas,2002-01-01,33849226.335203156,140792.90282450194,1
734,Texas,2003-01-01,35135361.45756456,143396.07625513212,1
735,Texas,2004-01-01,36107399.463040665,142714.575273302,1
736,Texas,2005-01-01,35950737.80606045,148856.13910002232,1
737,Texas,2006-01-01,36863096.23495086,148814.83276919965,1
738,Texas,2007-01-01,38161623.72709296,151715.6294262061,1
739,Texas,2008-01-01,40622496.75889559,152809.89969771926,1
740,Texas,2009-01-01,41873803.330363065,146610.09510771118,1
741,Texas,2010-01-01,43496290.11668543,144210.67669849706,1
742,Texas,2011-01-01,42421137.73792725,138265.1167804603,1
743,Texas,2012-01-01,39946931.176575355,132615.73483276088,1
744,Texas,2013-01-01,39966477.321059406,134648.11165970357,1
745,Texas,2014-01-01,41205395.79279817,142113.22069053666,1
746,Texas,2015-01-01,42559741.932568446,152902.14394889597,1
747,Texas,2016-01-01,43287224.0,165066.45892333137,1
748,Utah,2000-01-01,2816144.1871040133,223580.29803956565,1
749,Utah,2001-01-01,2936085.7461909177,228994.17906167032,1
750,Utah,2002-01-01,3070225.1080487897,228216.7873525364,1
751,Utah,2003-01-01,3073989.476903189,222950.37756788448,1
752,Utah,2004-01-01,3055165.4690526105,219187.72425501794,1
753,Utah,2005-01-01,3113763.7345947037,215099.42080172908,1
754,Utah,2006-01-01,3174562.9521850673,220364.8655423512,1
755,Utah,2007-01-01,3280467.6313203718,249301.68021787863,1
756,Utah,2008-01-01,3608699.4586327323,272295.3842140921,1
757,Utah,2009-01-01,3786365.66708849,249061.28579905126,1
758,Utah,2010-01-01,3459431.169345545,225662.9980448454,1
759,Utah,2011-01-01,3669718.4122968153,205490.8189166386,1
760,Utah,2012-01-01,3662824.176993621,191840.25487533078,1
761,Utah,2013-01-01,3821586.966364227,205312.71959183246,1
762,Utah,2014-01-01,3759218.227156257,222312.63512062488,1
763,Utah,2015-01-01,3759422.7747191223,229950.67254972624,1
764,Utah,2016-01-01,3931265.0,250496.2855464929,1
765,Vermont,2000-01-01,1121974.6549616521,122962.3718993262,1
766,Vermont,2001-01-01,1115357.496647766,128469.64469970565,1
767,Vermont,2002-01-01,1116066.5668877237,137518.2902379541,1
768,Vermont,2003-01-01,1223859.1847868282,145758.19867207724,1
769,Vermont,2004-01-01,1317875.5876818288,155974.18364239417,1
770,Vermont,2005-01-01,1352722.3900310092,170129.1476331815,1
771,Vermont,2006-01-01,1361463.9275846377,184868.14334746456,1
772,Vermont,2007-01-01,1392803.7709084535,193560.3665401557,1
773,Vermont,2008-01-01,1427745.5543954293,194952.952503077,1
774,Vermont,2009-01-01,1486653.261736301,189771.02612992798,1
775,Vermont,2010-01-01,1516598.5253392279,182755.50027850727,1
776,Vermont,2011-01-01,1488883.510657412,180349.12255424375,1
777,Vermont,2012-01-01,1486411.3082702167,176173.47863388906,1
778,Vermont,2013-01-01,1498809.8761554065,180710.88489077022,1
779,Vermont,2014-01-01,1501228.579939038,183701.15002468202,1
780,Vermont,2015-01-01,1517429.656304228,187462.80608164295,1
781,Vermont,2016-01-01,1536843.0,191959.9461474493,1
782,Virginia,2000-01-01,10875270.922583383,158500.14418527338,1
783,Virginia,2001-01-01,11288020.792824885,165853.87393847678,1
784,Virginia,2002-01-01,11757145.801109456,177861.8209511748,1
785,Virginia,2003-01-01,11962609.987294612,192403.5784347013,1
786,Virginia,2004-01-01,12071590.080030253,209890.12885276397,1
787,Virginia,2005-01-01,12778826.855406813,245707.71627215773,1
788,Virginia,2006-01-01,13479271.1277344,284195.4886997937,1
789,Virginia,2007-01-01,14123664.276465727,286815.88492126146,1
790,Virginia,2008-01-01,14628445.232554846,271841.668514531,1
791,Virginia,2009-01-01,14765486.099700645,244693.8211353192,1
792,Virginia,2010-01-01,14677896.547332479,230341.0627159336,1
793,Virginia,2011-01-01,14266834.603048628,221514.01593345482,1
794,Virginia,2012-01-01,14146514.462844329,211122.75695070898,1
795,Virginia,2013-01-01,14267238.124347627,217555.2982964596,1
796,Virginia,2014-01-01,14436298.438283646,223822.3232832055,1
797,Virginia,2015-01-01,14641537.272839539,227360.25497895034,1
798,Virginia,2016-01-01,14385735.999999998,234532.9826594948,1
799,Washington,2000-01-01,8410115.480270386,230085.19774067972,1
800,Washington,2001-01-01,8573546.278899886,236451.54521406195,1
801,Washington,2002-01-01,8785353.552215455,244233.19197557057,1
802,Washington,2003-01-01,8882876.993768632,248313.3072346879,1
803,Washington,2004-01-01,8911231.110688467,258098.43132576265,1
804,Washington,2005-01-01,9009019.38877984,278513.1122334789,1
805,Washington,2006-01-01,9136957.886044351,319770.8716513005,1
806,Washington,2007-01-01,9476869.58569437,349121.00844144536,1
807,Washington,2008-01-01,10176034.473616388,347758.976287275,1
808,Washington,2009-01-01,10702966.751702124,313062.24040184054,1
809,Washington,2010-01-01,10445334.71484719,283214.6334676408,1
810,Washington,2011-01-01,10343004.422701413,258612.1703414113,1
811,Washington,2012-01-01,10414021.430607429,230797.4671034538,1
812,Washington,2013-01-01,10307926.659934146,230335.28929442322,1
813,Washington,2014-01-01,10781019.96603607,248726.2482701107,1
814,Washington,2015-01-01,11411127.617035976,262319.1456245256,1
815,Washington,2016-01-01,12315163.0,289614.3667158621,1
816,West Virginia,2000-01-01,2689750.943723172,80047.20067912724,1
817,West Virginia,2001-01-01,2685016.0314205177,81948.28992492928,1
818,West Virginia,2002-01-01,2697502.9996480825,83899.33834508866,1
819,West Virginia,2003-01-01,2726629.57719491,85298.0806645157,1
820,West Virginia,2004-01-01,2734561.1544339345,87185.00530965823,1
821,West Virginia,2005-01-01,2746677.864899439,91460.45399896453,1
822,West Virginia,2006-01-01,2791699.1741561512,95168.0818929232,1
823,West Virginia,2007-01-01,2809099.5310921427,95309.48023367854,1
824,West Virginia,2008-01-01,2832323.6167258974,95183.15981062857,1
825,West Virginia,2009-01-01,3011587.0473818486,93359.54134602692,1
826,West Virginia,2010-01-01,3284560.6176483356,89018.26284900674,1
827,West Virginia,2011-01-01,3242884.3209740096,87262.94827901626,1
828,West Virginia,2012-01-01,3083133.664023918,85110.73200812277,1
829,West Virginia,2013-01-01,2960715.585111746,89042.04461118132,1
830,West Virginia,2014-01-01,2909416.4455080633,88408.47313005681,1
831,West Virginia,2015-01-01,2914675.7947781323,94571.49547043214,1
832,West Virginia,2016-01-01,2873668.0,100341.41304749931,1
833,Wisconsin,2000-01-01,9011959.54394856,144146.06948440662,1
834,Wisconsin,2001-01-01,9305516.741331644,147354.417962215,1
835,Wisconsin,2002-01-01,9647278.892614242,153869.2200974062,1
836,Wisconsin,2003-01-01,9812581.872339277,159101.3013854011,1
837,Wisconsin,2004-01-01,9898885.97419968,166620.13160026175,1
838,Wisconsin,2005-01-01,9965479.048632625,175821.777715391,1
839,Wisconsin,2006-01-01,10004926.321484396,181657.7210973571,1
840,Wisconsin,2007-01-01,10049931.679142678,180472.80604830483,1
841,Wisconsin,2008-01-01,10222464.649742516,177232.15080569003,1
842,Wisconsin,2009-01-01,10540008.850395713,166985.48372158757,1
843,Wisconsin,2010-01-01,10665949.116665488,158801.5817441293,1
844,Wisconsin,2011-01-01,10822733.358856313,148968.49674891503,1
845,Wisconsin,2012-01-01,9951371.25306524,138285.34832509214,1
846,Wisconsin,2013-01-01,9824242.221637253,138167.3283657975,1
847,Wisconsin,2014-01-01,9754914.676235938,141571.90332443613,1
848,Wisconsin,2015-01-01,9788196.121475281,145518.46452429693,1
849,Wisconsin,2016-01-01,9691073.0,153188.50046139327,1
853,Wyoming,2003-01-01,993194.5405967681,171610.60801948464,1
854,Wyoming,2004-01-01,999367.5406715457,176155.72289005434,1
855,Wyoming,2005-01-01,1026569.9215368103,186248.7732120774,1
856,Wyoming,2006-01-01,1115275.336048226,194789.13102454747,1
857,Wyoming,2007-01-01,1271824.934097161,208567.75149261786,1
858,Wyoming,2008-01-01,1319297.2327879132,214744.80885533063,1
859,Wyoming,2009-01-01,1395132.085914671,211829.70578309637,1
860,Wyoming,2010-01-01,1453766.4300681048,203617.45986647732,1
861,Wyoming,2011-01-01,1492999.409284913,198594.4583132186,1
862,Wyoming,2012-01-01,1500243.146044547,194314.8981980451,1
863,Wyoming,2013-01-01,1481604.8358268484,202100.6225782033,1
864,Wyoming,2014-01-01,1483239.6543625805,202650.31717034086,1
865,Wyoming,2015-01-01,1510709.980495762,208274.54367512118,1
866,Wyoming,2016-01-01,1542763.0,220630.85916497008,1
